{
"lengthUnit": "mil",
"remark": [],
"components": {
	"fields": ["COMPONENT_NO", "COMPONENT_NAME", "LAYER", "X_COORDINATE", "Y_COORDINATE", "ANGLE"],
	"rows": [
		[1, "ANT1", "T", 139.2058, 110.8783, 90],
		[2, "C1", "T", 1115, 155, 270],
		[3, "C2", "T", 995, 155, 90],
		[4, "C3", "T", 370, 135, 90],
		[5, "C4", "T", 240, 165, 270],
		[6, "R1", "T", 1215, 110, 180],
		[7, "R2", "T", 1215, 65, 180],
		[8, "U2", "T", 1130, 75, 270],
		[9, "U3", "T", 798.7258, 136.1618, 90],
		[10, "U4", "T", 567.3615, 125.53, 90],
		[11, "X1", "T", 300, 165, 90],
		[12, "PAD1", "T", 1115, 144.2, 0],
		[13, "PAD2", "T", 1115, 165.8, 0],
		[14, "PAD3", "T", 995, 165.8, 0],
		[15, "PAD4", "T", 995, 144.2, 0],
		[16, "PAD5", "T", 370, 145.8, 0],
		[17, "PAD6", "T", 370, 124.2, 0],
		[18, "PAD7", "T", 1108.445, 90.75, 0],
		[19, "PAD8", "T", 1108.445, 75, 0],
		[20, "PAD9", "T", 1108.445, 59.25, 0],
		[21, "PAD10", "T", 1151.555, 59.25, 0],
		[22, "PAD11", "T", 1151.555, 75, 0],
		[23, "PAD12", "T", 1151.555, 90.75, 0],
		[24, "PAD13", "T", 139.2058, 51.8233, 0],
		[25, "PAD14", "T", 822.3458, 192.3618, 0],
		[26, "PAD15", "T", 806.5958, 192.3618, 0],
		[27, "PAD16", "T", 775.1058, 192.3618, 0],
		[28, "PAD17", "T", 742.5258, 96.7918, 0],
		[29, "PAD18", "T", 775.1058, 79.9618, 0],
		[30, "PAD19", "T", 806.5958, 79.9618, 0],
		[31, "PAD20", "T", 822.3458, 79.9618, 0],
		[32, "PAD21", "T", 838.0958, 79.9618, 0],
		[33, "PAD22", "T", 742.5258, 175.5318, 0],
		[34, "PAD23", "T", 240, 154.2, 0],
		[35, "PAD24", "T", 240, 175.8, 0],
		[36, "PAD25", "T", 284.255, 143.345, 0],
		[37, "PAD26", "T", 284.255, 186.655, 0],
		[38, "PAD27", "T", 315.745, 186.655, 0],
		[39, "PAD28", "T", 315.745, 143.345, 0],
		[40, "PAD29", "T", 1205.49, 110, 0],
		[41, "PAD30", "T", 1224.51, 110, 0],
		[42, "PAD31", "T", 1205.49, 65, 0],
		[43, "PAD32", "T", 1224.51, 65, 0],
		[44, "PAD33", "T", 567.3715, 125.53, 0],
		[45, "PAD34", "T", 488.6215, 78.29, 0],
		[46, "PAD35", "T", 488.6215, 94.03, 0],
		[47, "PAD36", "T", 488.6215, 109.79, 0],
		[48, "PAD37", "T", 488.6315, 125.53, 0],
		[49, "PAD38", "T", 567.3615, 204.27, 0],
		[50, "PAD39", "T", 583.1015, 204.27, 0],
		[51, "PAD40", "T", 646.1015, 141.27, 0],
		[52, "PAD41", "T", 646.0715, 125.53, 0],
		[53, "PAD42", "T", 646.1015, 109.78, 0],
		[54, "PAD43", "T", 646.1015, 78.29, 0],
		[55, "PAD44", "T", 520.1215, 46.79, 0],
		[56, "PAD45", "T", 535.8615, 46.79, 0],
		[57, "PAD46", "T", 551.6215, 46.79, 0],
		[58, "PAD47", "T", 614.6015, 46.79, 0],
		[59, "PAD48", "T", 598.8615, 46.79, 0],
		[60, "PAD49", "T", 583.1115, 46.79, 0],
		[61, "PAD50", "T", 567.3215, 46.79, 0]
	]
},
"pins": {
	"fields": ["PIN_NO", "PIN_NAME", "PIN_X", "PIN_Y", "LAYER", "PIN_TYPE", "NET_NAME", "NET_TYPE", "PAD_SHAPE", "PAD_SIZEX", "PAD_SIZEY", "HOLE_SIZE", "HOLE_LEN", "PAD_ANGLE"],
	"rows": [
		[1, "ANT1_1", 139.2058, 51.8233, "T", "SMD", "$1N3310", "", "R", 39.37, 78.74, 0, 0, 90],
		[2, "ANT1_2", 139.2058, 169.9333, "T", "SMD", "NET_1", "", "R", 39.37, 78.74, 0, 0, 90],
		[3, "C1_1", 1115, 165.8, "T", "SMD", "GND", "GND", "R", 14.505, 12.756, 0, 0, 270],
		[4, "C1_2", 1115, 144.2, "T", "SMD", "3V3", "", "R", 14.505, 12.756, 0, 0, 270],
		[5, "C2_1", 995, 144.2, "T", "SMD", "1V8", "", "R", 14.505, 12.756, 0, 0, 90],
		[6, "C2_2", 995, 165.8, "T", "SMD", "GND", "GND", "R", 14.505, 12.756, 0, 0, 90],
		[7, "C3_1", 370, 124.2, "T", "SMD", "GND", "GND", "R", 14.505, 12.756, 0, 0, 90],
		[8, "C3_2", 370, 145.8, "T", "SMD", "OSC_P", "", "R", 14.505, 12.756, 0, 0, 90],
		[9, "C4_1", 240, 175.8, "T", "SMD", "OSC_N", "", "R", 14.505, 12.756, 0, 0, 270],
		[10, "C4_2", 240, 154.2, "T", "SMD", "GND", "GND", "R", 14.505, 12.756, 0, 0, 270],
		[11, "R1_1", 1224.51, 110, "T", "SMD", "$1N5750", "", "R", 11.934, 12.756, 0, 0, 180],
		[12, "R1_2", 1205.49, 110, "T", "SMD", "VIN", "", "R", 11.934, 12.756, 0, 0, 180],
		[13, "R2_1", 1224.51, 65, "T", "SMD", "$1N5722", "", "R", 11.934, 12.756, 0, 0, 180],
		[14, "R2_2", 1205.49, 65, "T", "SMD", "VIN", "", "R", 11.934, 12.756, 0, 0, 180],
		[15, "U2_1", 1108.445, 90.75, "T", "SMD", "1V8", "", "R", 8.819, 13.583, 0, 0, 270],
		[16, "U2_2", 1108.445, 75, "T", "SMD", "3V3", "", "R", 8.819, 13.583, 0, 0, 270],
		[17, "U2_3", 1108.445, 59.25, "T", "SMD", "GND", "GND", "R", 8.819, 13.583, 0, 0, 270],
		[18, "U2_4", 1151.555, 59.25, "T", "SMD", "$1N5722", "", "R", 8.819, 13.583, 0, 0, 270],
		[19, "U2_5", 1151.555, 75, "T", "SMD", "VIN", "", "R", 8.819, 13.583, 0, 0, 270],
		[20, "U2_6", 1151.555, 90.75, "T", "SMD", "$1N5750", "", "R", 8.819, 13.583, 0, 0, 270],
		[21, "U2_7", 1130.005, 75, "T", "SMD", "NET_2", "", "R", 37.008, 11.811, 0, 0, 270],
		[22, "U3_1", 854.9258, 96.8018, "T", "SMD", "NET_3", "", "P", 19.906, 7.873, 0, 0, 90],
		[23, "U3_2", 854.9258, 112.5418, "T", "SMD", "NET_4", "", "R", 7.874, 19.882, 0, 0, 90],
		[24, "U3_3", 854.9258, 128.2918, "T", "SMD", "NET_5", "", "R", 7.874, 19.882, 0, 0, 90],
		[25, "U3_4", 854.9258, 144.0318, "T", "SMD", "NET_6", "", "R", 7.874, 19.882, 0, 0, 90],
		[26, "U3_5", 854.9258, 159.7818, "T", "SMD", "NET_7", "", "R", 7.874, 19.882, 0, 0, 90],
		[27, "U3_6", 854.9258, 175.5318, "T", "SMD", "NET_8", "", "P", 19.901, 7.874, 0, 0, 90],
		[28, "U3_7", 838.0958, 192.3618, "T", "SMD", "NET_9", "", "P", 7.873, 19.901, 0, 0, 90],
		[29, "U3_8", 822.3458, 192.3618, "T", "SMD", "1V8", "", "R", 19.882, 7.874, 0, 0, 90],
		[30, "U3_9", 806.5958, 192.3618, "T", "SMD", "SENS_SDO", "", "R", 19.882, 7.874, 0, 0, 90],
		[31, "U3_10", 790.8558, 192.3618, "T", "SMD", "NET_10", "", "R", 19.882, 7.874, 0, 0, 90],
		[32, "U3_11", 775.1058, 192.3618, "T", "SMD", "OSC_P", "", "R", 19.882, 7.874, 0, 0, 90],
		[33, "U3_12", 759.3558, 192.3618, "T", "SMD", "NET_11", "", "P", 7.871, 19.903, 0, 0, 90],
		[34, "U3_13", 742.5258, 175.5318, "T", "SMD", "1V8", "", "P", 19.904, 7.874, 0, 0, 90],
		[35, "U3_14", 742.5258, 159.7818, "T", "SMD", "NET_12", "", "R", 7.874, 19.882, 0, 0, 90],
		[36, "U3_15", 742.5258, 144.0318, "T", "SMD", "NET_13", "", "R", 7.874, 19.882, 0, 0, 90],
		[37, "U3_16", 742.5258, 128.2918, "T", "SMD", "NET_14", "", "R", 7.874, 19.882, 0, 0, 90],
		[38, "U3_17", 742.5258, 112.5418, "T", "SMD", "NET_15", "", "R", 7.874, 19.882, 0, 0, 90],
		[39, "U3_18", 742.5258, 96.7918, "T", "SMD", "GND", "GND", "P", 19.902, 7.874, 0, 0, 90],
		[40, "U3_19", 759.3558, 79.9618, "T", "SMD", "NET_16", "", "P", 7.874, 19.902, 0, 0, 90],
		[41, "U3_20", 775.1058, 79.9618, "T", "SMD", "GND", "GND", "R", 19.882, 7.874, 0, 0, 90],
		[42, "U3_21", 790.8558, 79.9618, "T", "SMD", "NET_17", "", "R", 19.882, 7.874, 0, 0, 90],
		[43, "U3_22", 806.5958, 79.9618, "T", "SMD", "SENS_CS", "", "R", 19.882, 7.874, 0, 0, 90],
		[44, "U3_23", 822.3458, 79.9618, "T", "SMD", "SENS_SCL", "", "R", 19.882, 7.874, 0, 0, 90],
		[45, "U3_24", 838.0958, 79.9618, "T", "SMD", "SENS_SDI", "", "P", 7.871, 19.902, 0, 0, 90],
		[46, "U3_25", 798.7258, 136.1618, "T", "SMD", "NET_18", "", "R", 66.929, 66.929, 0, 0, 90],
		[47, "U4_1", 520.1215, 46.79, "T", "SMD", "$1N3310", "", "R", 7.874, 27.559, 0, 0, 0],
		[48, "U4_2", 535.8615, 46.79, "T", "SMD", "3V3", "", "R", 7.874, 27.559, 0, 0, 0],
		[49, "U4_3", 551.6215, 46.79, "T", "SMD", "3V3", "", "R", 7.874, 27.559, 0, 0, 0],
		[50, "U4_4", 567.3215, 46.79, "T", "SMD", "GPIO0", "", "R", 7.874, 27.559, 0, 0, 0],
		[51, "U4_5", 583.1115, 46.79, "T", "SMD", "GPIO1", "", "R", 7.874, 27.559, 0, 0, 0],
		[52, "U4_6", 598.8615, 46.79, "T", "SMD", "GPIO2", "", "R", 7.874, 27.559, 0, 0, 0],
		[53, "U4_7", 614.6015, 46.79, "T", "SMD", "ESP_EN", "", "R", 7.874, 27.559, 0, 0, 0],
		[54, "U4_8", 646.1015, 78.29, "T", "SMD", "GPIO3", "", "R", 27.559, 7.874, 0, 0, 0],
		[55, "U4_9", 646.1015, 94.03, "T", "SMD", "NET_19", "", "R", 27.559, 7.874, 0, 0, 0],
		[56, "U4_10", 646.1015, 109.78, "T", "SMD", "SENS_SDO", "", "R", 27.559, 7.874, 0, 0, 0],
		[57, "U4_11", 646.0715, 125.53, "T", "SMD", "3V3", "", "R", 27.559, 7.874, 0, 0, 0],
		[58, "U4_12", 646.1015, 141.27, "T", "SMD", "SENS_SCL", "", "R", 27.559, 7.874, 0, 0, 0],
		[59, "U4_13", 646.1015, 157.03, "T", "SMD", "NET_20", "", "R", 27.559, 7.874, 0, 0, 0],
		[60, "U4_14", 646.1015, 172.77, "T", "SMD", "NET_21", "", "R", 27.559, 7.874, 0, 0, 0],
		[61, "U4_15", 614.6015, 204.27, "T", "SMD", "NET_22", "", "R", 7.874, 27.559, 0, 0, 0],
		[62, "U4_16", 598.8615, 204.27, "T", "SMD", "NET_23", "", "R", 7.874, 27.559, 0, 0, 0],
		[63, "U4_17", 583.1015, 204.27, "T", "SMD", "3V3", "", "R", 7.874, 27.559, 0, 0, 0],
		[64, "U4_18", 567.3615, 204.27, "T", "SMD", "SENS_SDI", "", "R", 7.874, 27.559, 0, 0, 0],
		[65, "U4_19", 551.6215, 204.27, "T", "SMD", "NET_24", "", "R", 7.874, 27.559, 0, 0, 0],
		[66, "U4_20", 535.8615, 204.27, "T", "SMD", "NET_25", "", "R", 7.874, 27.559, 0, 0, 0],
		[67, "U4_21", 520.1215, 204.27, "T", "SMD", "NET_26", "", "R", 7.874, 27.559, 0, 0, 0],
		[68, "U4_22", 488.6215, 172.77, "T", "SMD", "NET_27", "", "R", 27.559, 7.874, 0, 0, 0],
		[69, "U4_23", 488.6215, 157.03, "T", "SMD", "NET_28", "", "R", 27.559, 7.874, 0, 0, 0],
		[70, "U4_24", 488.6215, 141.27, "T", "SMD", "NET_29", "", "R", 27.559, 7.874, 0, 0, 0],
		[71, "U4_25", 488.6315, 125.53, "T", "SMD", "OSC_N", "", "R", 27.559, 7.874, 0, 0, 0],
		[72, "U4_26", 488.6215, 109.79, "T", "SMD", "OSC_P", "", "R", 27.559, 7.874, 0, 0, 0],
		[73, "U4_27", 488.6215, 94.03, "T", "SMD", "3V3", "", "R", 27.559, 7.874, 0, 0, 0],
		[74, "U4_28", 488.6215, 78.29, "T", "SMD", "3V3", "", "R", 27.559, 7.874, 0, 0, 0],
		[75, "U4_29", 567.3715, 125.53, "T", "SMD", "GND", "GND", "R", 106.299, 106.299, 0, 0, 0],
		[76, "X1_1", 315.745, 143.345, "T", "SMD", "OSC_P", "", "R", 28.74, 23.622, 0, 0, 90],
		[77, "X1_2", 315.745, 186.655, "T", "SMD", "GND", "GND", "R", 28.74, 23.622, 0, 0, 90],
		[78, "X1_3", 284.255, 186.655, "T", "SMD", "OSC_N", "", "R", 28.74, 23.622, 0, 0, 90],
		[79, "X1_4", 284.255, 143.345, "T", "SMD", "GND", "GND", "R", 28.74, 23.622, 0, 0, 90],
		[80, "PAD1_2", 1115, 144.2, "T", "SMD", "3V3", "", "R", 14.505, 12.756, 0, 0, 270],
		[81, "PAD2_1", 1115, 165.8, "T", "SMD", "GND", "GND", "R", 14.505, 12.756, 0, 0, 270],
		[82, "PAD3_2", 995, 165.8, "T", "SMD", "GND", "GND", "R", 14.505, 12.756, 0, 0, 90],
		[83, "PAD4_1", 995, 144.2, "T", "SMD", "1V8", "", "R", 14.505, 12.756, 0, 0, 90],
		[84, "PAD5_2", 370, 145.8, "T", "SMD", "OSC_P", "", "R", 14.505, 12.756, 0, 0, 90],
		[85, "PAD6_1", 370, 124.2, "T", "SMD", "GND", "GND", "R", 14.505, 12.756, 0, 0, 90],
		[86, "PAD7_1", 1108.445, 90.75, "T", "SMD", "1V8", "", "R", 8.819, 13.583, 0, 0, 270],
		[87, "PAD8_2", 1108.445, 75, "T", "SMD", "3V3", "", "R", 8.819, 13.583, 0, 0, 270],
		[88, "PAD9_3", 1108.445, 59.25, "T", "SMD", "GND", "GND", "R", 8.819, 13.583, 0, 0, 270],
		[89, "PAD10_4", 1151.555, 59.25, "T", "SMD", "$1N5722", "", "R", 8.819, 13.583, 0, 0, 270],
		[90, "PAD11_5", 1151.555, 75, "T", "SMD", "VIN", "", "R", 8.819, 13.583, 0, 0, 270],
		[91, "PAD12_6", 1151.555, 90.75, "T", "SMD", "$1N5750", "", "R", 8.819, 13.583, 0, 0, 270],
		[92, "PAD13_1", 139.2058, 51.8233, "T", "SMD", "$1N3310", "", "R", 39.37, 78.74, 0, 0, 90],
		[93, "PAD14_8", 822.3458, 192.3618, "T", "SMD", "1V8", "", "R", 19.882, 7.874, 0, 0, 90],
		[94, "PAD15_9", 806.5958, 192.3618, "T", "SMD", "SENS_SDO", "", "R", 19.882, 7.874, 0, 0, 90],
		[95, "PAD16_11", 775.1058, 192.3618, "T", "SMD", "OSC_P", "", "R", 19.882, 7.874, 0, 0, 90],
		[96, "PAD17_18", 742.5258, 96.7918, "T", "SMD", "GND", "GND", "P", 19.902, 7.874, 0, 0, 90],
		[97, "PAD18_20", 775.1058, 79.9618, "T", "SMD", "GND", "GND", "R", 19.882, 7.874, 0, 0, 90],
		[98, "PAD19_22", 806.5958, 79.9618, "T", "SMD", "SENS_CS", "", "R", 19.882, 7.874, 0, 0, 90],
		[99, "PAD20_23", 822.3458, 79.9618, "T", "SMD", "SENS_SCL", "", "R", 19.882, 7.874, 0, 0, 90],
		[100, "PAD21_24", 838.0958, 79.9618, "T", "SMD", "SENS_SDI", "", "P", 7.871, 19.902, 0, 0, 90],
		[101, "PAD22_13", 742.5258, 175.5318, "T", "SMD", "1V8", "", "P", 19.904, 7.874, 0, 0, 90],
		[102, "PAD23_2", 240, 154.2, "T", "SMD", "GND", "GND", "R", 14.505, 12.756, 0, 0, 270],
		[103, "PAD24_1", 240, 175.8, "T", "SMD", "OSC_N", "", "R", 14.505, 12.756, 0, 0, 270],
		[104, "PAD25_4", 284.255, 143.345, "T", "SMD", "GND", "GND", "R", 28.74, 23.622, 0, 0, 90],
		[105, "PAD26_3", 284.255, 186.655, "T", "SMD", "OSC_N", "", "R", 28.74, 23.622, 0, 0, 90],
		[106, "PAD27_2", 315.745, 186.655, "T", "SMD", "GND", "GND", "R", 28.74, 23.622, 0, 0, 90],
		[107, "PAD28_1", 315.745, 143.345, "T", "SMD", "OSC_P", "", "R", 28.74, 23.622, 0, 0, 90],
		[108, "PAD29_2", 1205.49, 110, "T", "SMD", "VIN", "", "R", 11.934, 12.756, 0, 0, 180],
		[109, "PAD30_1", 1224.51, 110, "T", "SMD", "$1N5750", "", "R", 11.934, 12.756, 0, 0, 180],
		[110, "PAD31_2", 1205.49, 65, "T", "SMD", "VIN", "", "R", 11.934, 12.756, 0, 0, 180],
		[111, "PAD32_1", 1224.51, 65, "T", "SMD", "$1N5722", "", "R", 11.934, 12.756, 0, 0, 180],
		[112, "PAD33_29", 567.3715, 125.53, "T", "SMD", "GND", "GND", "R", 106.299, 106.299, 0, 0, 0],
		[113, "PAD34_28", 488.6215, 78.29, "T", "SMD", "3V3", "", "R", 27.559, 7.874, 0, 0, 0],
		[114, "PAD35_27", 488.6215, 94.03, "T", "SMD", "3V3", "", "R", 27.559, 7.874, 0, 0, 0],
		[115, "PAD36_26", 488.6215, 109.79, "T", "SMD", "OSC_P", "", "R", 27.559, 7.874, 0, 0, 0],
		[116, "PAD37_25", 488.6315, 125.53, "T", "SMD", "OSC_N", "", "R", 27.559, 7.874, 0, 0, 0],
		[117, "PAD38_18", 567.3615, 204.27, "T", "SMD", "SENS_SDI", "", "R", 7.874, 27.559, 0, 0, 0],
		[118, "PAD39_17", 583.1015, 204.27, "T", "SMD", "3V3", "", "R", 7.874, 27.559, 0, 0, 0],
		[119, "PAD40_12", 646.1015, 141.27, "T", "SMD", "SENS_SCL", "", "R", 27.559, 7.874, 0, 0, 0],
		[120, "PAD41_11", 646.0715, 125.53, "T", "SMD", "3V3", "", "R", 27.559, 7.874, 0, 0, 0],
		[121, "PAD42_10", 646.1015, 109.78, "T", "SMD", "SENS_SDO", "", "R", 27.559, 7.874, 0, 0, 0],
		[122, "PAD43_8", 646.1015, 78.29, "T", "SMD", "GPIO3", "", "R", 27.559, 7.874, 0, 0, 0],
		[123, "PAD44_1", 520.1215, 46.79, "T", "SMD", "$1N3310", "", "R", 7.874, 27.559, 0, 0, 0],
		[124, "PAD45_2", 535.8615, 46.79, "T", "SMD", "3V3", "", "R", 7.874, 27.559, 0, 0, 0],
		[125, "PAD46_3", 551.6215, 46.79, "T", "SMD", "3V3", "", "R", 7.874, 27.559, 0, 0, 0],
		[126, "PAD47_7", 614.6015, 46.79, "T", "SMD", "ESP_EN", "", "R", 7.874, 27.559, 0, 0, 0],
		[127, "PAD48_6", 598.8615, 46.79, "T", "SMD", "GPIO2", "", "R", 7.874, 27.559, 0, 0, 0],
		[128, "PAD49_5", 583.1115, 46.79, "T", "SMD", "GPIO1", "", "R", 7.874, 27.559, 0, 0, 0],
		[129, "PAD50_4", 567.3215, 46.79, "T", "SMD", "GPIO0", "", "R", 7.874, 27.559, 0, 0, 0]
	]
}
}