{
"lengthUnit": "mil",
"remark": [],
"components": {
	"fields": ["COMPONENT_NO", "COMPONENT_NAME", "LAYER", "X_COORDINATE", "Y_COORDINATE", "ANGLE"],
	"rows": [
		[1, "ANT1", "T", 60, -1020, 270],
		[2, "BAT", "T", 205, -965, 90],
		[3, "C1", "T", 30, -185, 90],
		[4, "C2", "T", 195, -55, 90],
		[5, "C12", "T", 95, -665, 180],
		[6, "C15", "T", 65, -905, 180],
		[7, "GYRO", "T", 205, -225, 180],
		[8, "U1", "T", 95, -785, 0],
		[9, "U9", "T", 80, -310, 270],
		[10, "U11", "T", 135, -515, 0],
		[11, "X1", "T", 75, -50, 0],
		[12, "PAD1", "T", 60, -960.945, 0],
		[13, "PAD2", "T", 205, -1024.055, 0],
		[14, "PAD2", "B", 205, -1024.055, 0],
		[15, "PAD3", "T", 205, -905.945, 0],
		[16, "PAD3", "B", 205, -905.945, 0],
		[17, "PAD4", "T", 30, -163.54, 0],
		[18, "PAD5", "T", 30, -206.46, 0],
		[19, "PAD6", "T", 195, -33.54, 0],
		[20, "PAD7", "T", 195, -76.46, 0],
		[21, "PAD8", "T", 239.45, -215.16, 0],
		[22, "PAD9", "T", 214.84, -259.45, 0],
		[23, "PAD10", "T", 195.16, -259.45, 0],
		[24, "PAD11", "T", 175.47, -259.45, 0],
		[25, "PAD12", "T", 195.16, -190.55, 0],
		[26, "PAD13", "T", 234.53, -190.55, 0],
		[27, "PAD14", "T", 124.686, -310.001, 0],
		[28, "PAD15", "T", 35.316, -347.401, 0],
		[29, "PAD16", "T", 35.316, -272.601, 0],
		[30, "PAD17", "T", 53.345, -34.255, 0],
		[31, "PAD18", "T", 96.655, -34.255, 0],
		[32, "PAD19", "T", 96.655, -65.745, 0],
		[33, "PAD20", "T", 53.345, -65.745, 0],
		[34, "PAD21", "T", 67.44, -665, 0],
		[35, "PAD22", "T", 122.56, -665, 0],
		[36, "PAD23", "T", 37.44, -905, 0],
		[37, "PAD24", "T", 92.56, -905, 0],
		[38, "PAD25", "T", 57.609, -733.82, 0],
		[39, "PAD26", "T", 57.609, -836.18, 0],
		[40, "PAD27", "T", 94.979, -836.18, 0],
		[41, "PAD28", "T", 132.389, -836.18, 0],
		[42, "PAD29", "T", 54.31, -465.79, 0],
		[43, "PAD30", "T", 144.84, -595.69, 0],
		[44, "PAD31", "T", 184.21, -595.69, 0],
		[45, "PAD32", "T", 215.69, -485.47, 0],
		[46, "PAD33", "T", 125.16, -434.31, 0],
		[47, "PAD34", "T", 105.47, -434.31, 0],
		[48, "PAD35", "T", 85.79, -434.31, 0],
		[49, "PAD36", "T", 135, -515, 0],
		[50, "PAD37", "T", 115, -500, 0],
		[51, "PAD37", "B", 115, -500, 0]
	]
},
"pins": {
	"fields": ["PIN_NO", "PIN_NAME", "PIN_X", "PIN_Y", "LAYER", "PIN_TYPE", "NET_NAME", "NET_TYPE", "PAD_SHAPE", "PAD_SIZEX", "PAD_SIZEY", "HOLE_SIZE", "HOLE_LEN", "PAD_ANGLE"],
	"rows": [
		[1, "ANT1_1", 60, -960.945, "T", "SMD", "$1N6789", "", "R", 39.37, 78.74, 0, 0, 270],
		[2, "ANT1_2", 60, -1079.055, "T", "SMD", "NET_1", "", "R", 39.37, 78.74, 0, 0, 270],
		[3, "BAT_1", 205, -1024.055, "T", "DIP", "VCC", "", "C", 86.614, 86.614, 39.37, 39.37, 90],
		[4, "BAT_1", 205, -1024.055, "B", "DIP", "VCC", "", "C", 86.614, 86.614, 39.37, 39.37, 90],
		[5, "BAT_2", 205, -905.945, "T", "DIP", "GND", "GND", "C", 86.614, 86.614, 39.37, 39.37, 90],
		[6, "BAT_2", 205, -905.945, "B", "DIP", "GND", "GND", "C", 86.614, 86.614, 39.37, 39.37, 90],
		[7, "C1_1", 30, -206.46, "T", "SMD", "XTAL_P", "", "R", 31.106, 21.26, 0, 0, 90],
		[8, "C1_2", 30, -163.54, "T", "SMD", "GND", "GND", "R", 31.106, 21.26, 0, 0, 90],
		[9, "C2_1", 195, -76.46, "T", "SMD", "GND", "GND", "R", 31.106, 21.26, 0, 0, 90],
		[10, "C2_2", 195, -33.54, "T", "SMD", "XTAL_N", "", "R", 31.106, 21.26, 0, 0, 90],
		[11, "C12_1", 122.56, -665, "T", "SMD", "GND", "GND", "R", 31.496, 35.433, 0, 0, 180],
		[12, "C12_2", 67.44, -665, "T", "SMD", "3.3", "", "R", 31.496, 35.433, 0, 0, 180],
		[13, "C15_1", 92.56, -905, "T", "SMD", "GND", "GND", "R", 31.496, 35.433, 0, 0, 180],
		[14, "C15_2", 37.44, -905, "T", "SMD", "VBUS", "", "R", 31.496, 35.433, 0, 0, 180],
		[15, "GYRO_1", 234.53, -190.55, "T", "SMD", "SDA_GYRO", "", "R", 11.024, 19.685, 0, 0, 180],
		[16, "GYRO_2", 214.84, -190.55, "T", "SMD", "NET_2", "", "R", 11.024, 19.685, 0, 0, 180],
		[17, "GYRO_3", 195.16, -190.55, "T", "SMD", "VCC", "", "R", 11.024, 19.685, 0, 0, 180],
		[18, "GYRO_4", 175.47, -190.55, "T", "SMD", "NET_3", "", "R", 11.024, 19.685, 0, 0, 180],
		[19, "GYRO_5", 170.55, -215.16, "T", "SMD", "NET_4", "", "R", 19.685, 11.024, 0, 0, 180],
		[20, "GYRO_6", 170.55, -234.84, "T", "SMD", "NET_5", "", "R", 19.685, 11.024, 0, 0, 180],
		[21, "GYRO_7", 175.47, -259.45, "T", "SMD", "VCC", "", "R", 11.024, 19.685, 0, 0, 180],
		[22, "GYRO_8", 195.16, -259.45, "T", "SMD", "GND", "GND", "R", 11.024, 19.685, 0, 0, 180],
		[23, "GYRO_9", 214.84, -259.45, "T", "SMD", "GND", "GND", "R", 11.024, 19.685, 0, 0, 180],
		[24, "GYRO_10", 234.53, -259.45, "T", "SMD", "NET_6", "", "R", 11.024, 19.685, 0, 0, 180],
		[25, "GYRO_11", 239.45, -234.84, "T", "SMD", "NET_7", "", "R", 19.685, 11.024, 0, 0, 180],
		[26, "GYRO_12", 239.45, -215.16, "T", "SMD", "SCL", "", "R", 19.685, 11.024, 0, 0, 180],
		[27, "U1_1", 57.609, -836.18, "T", "SMD", "VBUS", "", "R", 24.5, 43.5, 0, 0, 0],
		[28, "U1_2", 94.979, -836.18, "T", "SMD", "GND", "GND", "R", 24.5, 43.5, 0, 0, 0],
		[29, "U1_3", 132.389, -836.18, "T", "SMD", "VBUS", "", "R", 24.5, 43.5, 0, 0, 0],
		[30, "U1_4", 132.389, -733.82, "T", "SMD", "NET_8", "", "R", 24.5, 43.5, 0, 0, 0],
		[31, "U1_5", 57.609, -733.82, "T", "SMD", "3.3", "", "R", 24.5, 43.5, 0, 0, 0],
		[32, "U9_1", 35.316, -272.601, "T", "SMD", "VCC", "", "R", 42.126, 20.945, 0, 0, 180],
		[33, "U9_2", 35.316, -347.401, "T", "SMD", "HAL", "", "R", 42.126, 20.945, 0, 0, 180],
		[34, "U9_3", 124.686, -310.001, "T", "SMD", "GND", "GND", "R", 42.126, 20.945, 0, 0, 180],
		[35, "U11_1", 54.31, -465.79, "T", "SMD", "$1N6789", "", "R", 27.559, 11.024, 0, 0, 0],
		[36, "U11_2", 54.31, -485.47, "T", "SMD", "NET_9", "", "R", 27.559, 11.024, 0, 0, 0],
		[37, "U11_3", 54.31, -505.16, "T", "SMD", "NET_10", "", "R", 27.559, 11.024, 0, 0, 0],
		[38, "U11_4", 54.31, -524.84, "T", "SMD", "NET_11", "", "R", 27.559, 11.024, 0, 0, 0],
		[39, "U11_5", 54.31, -544.53, "T", "SMD", "NET_12", "", "R", 27.559, 11.024, 0, 0, 0],
		[40, "U11_6", 54.31, -564.21, "T", "SMD", "NET_13", "", "R", 27.559, 11.024, 0, 0, 0],
		[41, "U11_7", 85.79, -595.69, "T", "SMD", "NET_14", "", "R", 11.024, 27.559, 0, 0, 0],
		[42, "U11_8", 105.47, -595.69, "T", "SMD", "NET_15", "", "R", 11.024, 27.559, 0, 0, 0],
		[43, "U11_9", 125.16, -595.69, "T", "SMD", "NET_16", "", "R", 11.024, 27.559, 0, 0, 0],
		[44, "U11_10", 144.84, -595.69, "T", "SMD", "SDA_GYRO", "", "R", 11.024, 27.559, 0, 0, 0],
		[45, "U11_11", 164.53, -595.69, "T", "SMD", "NET_17", "", "R", 11.024, 27.559, 0, 0, 0],
		[46, "U11_12", 184.21, -595.69, "T", "SMD", "SCL", "", "R", 11.024, 27.559, 0, 0, 0],
		[47, "U11_13", 215.69, -564.21, "T", "SMD", "NET_18", "", "R", 27.559, 11.024, 0, 0, 0],
		[48, "U11_14", 215.69, -544.53, "T", "SMD", "NET_19", "", "R", 27.559, 11.024, 0, 0, 0],
		[49, "U11_15", 215.69, -524.84, "T", "SMD", "NET_20", "", "R", 27.559, 11.024, 0, 0, 0],
		[50, "U11_16", 215.69, -505.16, "T", "SMD", "NET_21", "", "R", 27.559, 11.024, 0, 0, 0],
		[51, "U11_17", 215.69, -485.47, "T", "SMD", "VCC", "", "R", 27.559, 11.024, 0, 0, 0],
		[52, "U11_18", 215.69, -465.79, "T", "SMD", "NET_22", "", "R", 27.559, 11.024, 0, 0, 0],
		[53, "U11_19", 184.21, -434.31, "T", "SMD", "NET_23", "", "R", 11.024, 27.559, 0, 0, 0],
		[54, "U11_20", 164.53, -434.31, "T", "SMD", "NET_24", "", "R", 11.024, 27.559, 0, 0, 0],
		[55, "U11_21", 144.84, -434.31, "T", "SMD", "NET_25", "", "R", 11.024, 27.559, 0, 0, 0],
		[56, "U11_22", 125.16, -434.31, "T", "SMD", "XTAL_N", "", "R", 11.024, 27.559, 0, 0, 0],
		[57, "U11_23", 105.47, -434.31, "T", "SMD", "XTAL_P", "", "R", 11.024, 27.559, 0, 0, 0],
		[58, "U11_24", 85.79, -434.31, "T", "SMD", "VCC", "", "R", 11.024, 27.559, 0, 0, 0],
		[59, "U11_25", 135, -515, "T", "SMD", "GND", "GND", "R", 110.236, 110.236, 0, 0, 0],
		[60, "X1_1", 53.345, -65.745, "T", "SMD", "XTAL_P", "", "R", 28.74, 23.622, 0, 0, 0],
		[61, "X1_2", 96.655, -65.745, "T", "SMD", "GND", "GND", "R", 28.74, 23.622, 0, 0, 0],
		[62, "X1_3", 96.655, -34.255, "T", "SMD", "XTAL_N", "", "R", 28.74, 23.622, 0, 0, 0],
		[63, "X1_4", 53.345, -34.255, "T", "SMD", "GND", "GND", "R", 28.74, 23.622, 0, 0, 0],
		[64, "PAD1_1", 60, -960.945, "T", "SMD", "$1N6789", "", "R", 39.37, 78.74, 0, 0, 270],
		[65, "PAD2_1", 205, -1024.055, "T", "DIP", "VCC", "", "C", 86.614, 86.614, 39.37, 39.37, 90],
		[66, "PAD2_1", 205, -1024.055, "B", "DIP", "VCC", "", "C", 86.614, 86.614, 39.37, 39.37, 90],
		[67, "PAD3_2", 205, -905.945, "T", "DIP", "GND", "GND", "C", 86.614, 86.614, 39.37, 39.37, 90],
		[68, "PAD3_2", 205, -905.945, "B", "DIP", "GND", "GND", "C", 86.614, 86.614, 39.37, 39.37, 90],
		[69, "PAD4_2", 30, -163.54, "T", "SMD", "GND", "GND", "R", 31.106, 21.26, 0, 0, 90],
		[70, "PAD5_1", 30, -206.46, "T", "SMD", "XTAL_P", "", "R", 31.106, 21.26, 0, 0, 90],
		[71, "PAD6_2", 195, -33.54, "T", "SMD", "XTAL_N", "", "R", 31.106, 21.26, 0, 0, 90],
		[72, "PAD7_1", 195, -76.46, "T", "SMD", "GND", "GND", "R", 31.106, 21.26, 0, 0, 90],
		[73, "PAD8_12", 239.45, -215.16, "T", "SMD", "SCL", "", "R", 19.685, 11.024, 0, 0, 180],
		[74, "PAD9_9", 214.84, -259.45, "T", "SMD", "GND", "GND", "R", 11.024, 19.685, 0, 0, 180],
		[75, "PAD10_8", 195.16, -259.45, "T", "SMD", "GND", "GND", "R", 11.024, 19.685, 0, 0, 180],
		[76, "PAD11_7", 175.47, -259.45, "T", "SMD", "VCC", "", "R", 11.024, 19.685, 0, 0, 180],
		[77, "PAD12_3", 195.16, -190.55, "T", "SMD", "VCC", "", "R", 11.024, 19.685, 0, 0, 180],
		[78, "PAD13_1", 234.53, -190.55, "T", "SMD", "SDA_GYRO", "", "R", 11.024, 19.685, 0, 0, 180],
		[79, "PAD14_3", 124.686, -310.001, "T", "SMD", "GND", "GND", "R", 42.126, 20.945, 0, 0, 180],
		[80, "PAD15_2", 35.316, -347.401, "T", "SMD", "HAL", "", "R", 42.126, 20.945, 0, 0, 180],
		[81, "PAD16_1", 35.316, -272.601, "T", "SMD", "VCC", "", "R", 42.126, 20.945, 0, 0, 180],
		[82, "PAD17_4", 53.345, -34.255, "T", "SMD", "GND", "GND", "R", 28.74, 23.622, 0, 0, 0],
		[83, "PAD18_3", 96.655, -34.255, "T", "SMD", "XTAL_N", "", "R", 28.74, 23.622, 0, 0, 0],
		[84, "PAD19_2", 96.655, -65.745, "T", "SMD", "GND", "GND", "R", 28.74, 23.622, 0, 0, 0],
		[85, "PAD20_1", 53.345, -65.745, "T", "SMD", "XTAL_P", "", "R", 28.74, 23.622, 0, 0, 0],
		[86, "PAD21_2", 67.44, -665, "T", "SMD", "3.3", "", "R", 31.496, 35.433, 0, 0, 180],
		[87, "PAD22_1", 122.56, -665, "T", "SMD", "GND", "GND", "R", 31.496, 35.433, 0, 0, 180],
		[88, "PAD23_2", 37.44, -905, "T", "SMD", "VBUS", "", "R", 31.496, 35.433, 0, 0, 180],
		[89, "PAD24_1", 92.56, -905, "T", "SMD", "GND", "GND", "R", 31.496, 35.433, 0, 0, 180],
		[90, "PAD25_5", 57.609, -733.82, "T", "SMD", "3.3", "", "R", 24.5, 43.5, 0, 0, 0],
		[91, "PAD26_1", 57.609, -836.18, "T", "SMD", "VBUS", "", "R", 24.5, 43.5, 0, 0, 0],
		[92, "PAD27_2", 94.979, -836.18, "T", "SMD", "GND", "GND", "R", 24.5, 43.5, 0, 0, 0],
		[93, "PAD28_3", 132.389, -836.18, "T", "SMD", "VBUS", "", "R", 24.5, 43.5, 0, 0, 0],
		[94, "PAD29_1", 54.31, -465.79, "T", "SMD", "$1N6789", "", "R", 27.559, 11.024, 0, 0, 0],
		[95, "PAD30_10", 144.84, -595.69, "T", "SMD", "SDA_GYRO", "", "R", 11.024, 27.559, 0, 0, 0],
		[96, "PAD31_12", 184.21, -595.69, "T", "SMD", "SCL", "", "R", 11.024, 27.559, 0, 0, 0],
		[97, "PAD32_17", 215.69, -485.47, "T", "SMD", "VCC", "", "R", 27.559, 11.024, 0, 0, 0],
		[98, "PAD33_22", 125.16, -434.31, "T", "SMD", "XTAL_N", "", "R", 11.024, 27.559, 0, 0, 0],
		[99, "PAD34_23", 105.47, -434.31, "T", "SMD", "XTAL_P", "", "R", 11.024, 27.559, 0, 0, 0],
		[100, "PAD35_24", 85.79, -434.31, "T", "SMD", "VCC", "", "R", 11.024, 27.559, 0, 0, 0],
		[101, "PAD36_25", 135, -515, "T", "SMD", "GND", "GND", "R", 110.236, 110.236, 0, 0, 0],
		[102, "PAD37_1", 115, -500, "T", "DIP", "GND", "GND", "C", 16, 16, 10, 10, 0],
		[103, "PAD37_1", 115, -500, "B", "DIP", "GND", "GND", "C", 16, 16, 10, 10, 0]
	]
}
}